slope,rainfall,soil_moisture,human_activity,landslide_risk
16.854305348131312,55.539878651585894,0.26170568373590597,0,0.0
42.78214378844623,162.57028421350745,0.24697879907199982,0,0.0
32.93972738151323,261.8837507629225,0.9062545805210367,0,1.0
26.93963178886665,219.66746592286836,0.2495461998495061,1,0.0
7.020838819909644,241.9683443584349,0.271949726128631,0,0.0
7.019753415129119,197.6350100132152,0.7593982624179637,1,0.0
2.613762547568976,207.68296935535574,0.44973984245054,1,0.0
38.97792655987208,254.75869546959578,0.7767105569551812,0,1.0
27.050175528444395,74.90040265775578,0.06536615756438524,0,0.0
31.863266000822048,146.82748909294213,0.4875711936733843,1,0.0
0.9263022433111101,66.36283254588066,0.03361360018328263,1,0.0
43.645943347289744,296.3004023989941,0.06265320345535452,0,0.0
37.45991883601898,283.217801905984,0.906437453344411,0,1.0
9.555259980522427,11.82804341055177,0.13924537111759516,0,0.0
8.182123524319527,211.67255175470655,0.5324206822752171,1,0.0
8.253202943404522,277.5744952246998,0.41109560260070654,1,0.0
13.690900933179197,54.17260353820006,0.3473433262588427,1,0.0
23.614039423450702,170.38356916578883,0.8998333456872725,1,0.0
19.43752583889521,274.6464892764126,0.0218233967754895,1,0.0
13.105311308911887,10.183793575739653,0.6637896861755891,0,0.0
27.533380262507077,209.226080174052,0.9633944342135504,0,1.0
6.277223729341882,89.20470221176522,0.5601681834618419,1,0.0
13.146509184084817,277.3188586129591,0.9368224620330918,1,0.0
16.486282948216125,291.3174735496103,0.05225787928602377,0,0.0
20.523149289766618,283.27994673403015,0.4187933190741614,0,0.0
35.33291826268561,142.26426499723914,0.26015779096205116,0,0.0
8.985320197126189,258.61279529679405,0.7308209649807298,0,0.0
23.140549728612523,253.3648195605211,0.9812970904972467,1,0.0
26.65865559879191,95.7301419729767,0.2565300624442478,0,0.0
2.0902685723998977,248.67464224520322,0.6541746014740745,1,0.0
27.339518335564726,11.102290414647786,0.19809763275974013,0,0.0
7.673585565928119,178.88096354461592,0.5653302545716099,0,0.0
2.9273216843375782,69.00265118631091,0.4639324866883362,0,0.0
42.699849176399994,36.17006573318364,0.9720053296315371,1,0.0
43.45344148835517,23.085960488762748,0.6085272726964666,1,0.0
36.37788066524075,208.88663276344192,0.3495063720868188,0,0.0
13.70761961280168,101.96248913041984,0.11409578488793337,1,0.0
4.395245130287274,217.43003145862843,0.15124682873493456,1,0.0
30.79048619304706,19.60690223968271,0.2253169299512351,0,0.0
19.80686221828206,94.5871013491831,0.250966661340298,0,0.0
5.491720568015047,161.84738771260118,0.8506160578411378,1,0.0
22.28296095500716,237.21694945168906,0.5612227882825249,1,0.0
1.5474834501848278,95.62575087962098,0.5233909113743664,1,0.0
40.91941809354519,187.76741293110274,0.11476887186921747,0,0.0
11.645099172000762,265.79332447085613,0.860139693349435,0,0.0
29.81350279592919,184.75895645469137,0.7228143032084837,1,1.0
14.026998424023493,69.88784242609013,0.06766836190000158,0,0.0
23.403060953001486,7.320234466961406,0.7078350972297687,0,0.0
24.601962570447583,261.029662170279,0.5435382173426461,1,0.0
8.318450498648717,6.380823255116141,0.08172534574677826,1,0.0
43.63130824940514,262.4105018052598,0.45830064152865646,0,0.0
34.880977051250156,158.68114020816358,0.484696287130047,0,0.0
42.27745237038851,281.72030955386884,0.16577454016327575,1,0.0
40.2672307692442,239.63497073209962,0.9456981470002823,0,1.0
26.905499046498832,299.38023316000124,0.8499753714806619,0,1.0
41.48434057604026,105.21354463551305,0.6690223373291083,1,0.0
3.9821625923363775,230.15648667933806,0.4622955610006072,1,0.0
8.819228808861533,120.57927408277264,0.4117655415845085,0,0.0
2.0352280009742127,143.96268609117266,0.6509734671509542,0,0.0
14.639864884346895,188.25163896551103,0.5454318694069055,0,0.0
17.49047803602669,262.10313425590164,0.062273105881885615,1,0.0
12.210706429825317,295.22504075978856,0.5125026487703317,0,0.0
37.29318791183682,230.48202415935546,0.8064036172328395,0,1.0
16.053899701211517,125.33003465020013,0.45923987759695806,1,0.0
12.642052935932135,126.40710068312106,0.05195657755426841,1,0.0
24.42132374212118,221.27469047666744,0.7862781993840331,0,0.0
6.341590123864319,71.6331437304907,0.2013637821359744,1,0.0
36.098864133931784,33.1422339394184,0.2586208348880388,1,0.0
3.354778965589687,106.38664729223296,0.1647063534322959,0,0.0
44.40991214702328,86.17169749622452,0.33021506487149754,1,0.0
34.751014618349586,88.89243613679703,0.756751505688635,1,0.0
8.942205669037758,70.08232531497298,0.5193858595039373,0,0.0
0.24849527056210796,12.627956890908564,0.20488127415071256,1,0.0
36.695764280467536,5.362180420024143,0.8778300781520408,0,0.0
31.80858047314277,296.3167169208095,0.8795818549515292,0,1.0
32.80532256184443,128.3319401207587,0.8705784250460069,1,0.0
34.70716560086756,115.2979941479045,0.23879621138153928,1,0.0
3.3320093280340664,203.89418480792096,0.4512393441809881,1,0.0
16.130957784492267,65.47616635951925,0.9849896561408751,0,0.0
5.214107678630837,284.9883551850676,0.7720124763099904,1,0.0
38.83965416440171,235.90350432466562,0.027167421225559818,0,0.0
28.048415707240107,26.823300693677854,0.06520459126049205,1,0.0
14.890411118369213,125.2742327354785,0.46393137681233276,1,0.0
2.8601257628710637,263.7354922686494,0.9092202058615602,1,0.0
13.9942044772048,283.4196066874231,0.5387017979527142,0,0.0
14.633249491203618,140.22045337496093,0.4978125080342902,1,0.0
32.83227802521289,184.0234167632123,0.10547369995663058,1,0.0
28.69008621098459,50.11018382762257,0.656780104724294,0,0.0
39.924573415934695,297.350587841093,0.8221031606002255,0,1.0
21.24967163228772,69.50151041503302,0.38042000750756233,1,0.0
5.381741067223577,282.8195322405377,0.7756118509253275,1,0.0
32.09601542503478,194.89399469771053,0.9644766539008116,1,1.0
34.23532718776038,182.32103846365774,0.2037664591276891,0,0.0
25.25747389062733,153.8065533049526,0.5233296311947413,0,0.0
34.69352309795524,69.20094351532761,0.28713795808457554,0,0.0
22.220801836397584,52.95840960165248,0.7928544190338394,0,0.0
23.522977322189732,66.14586272105261,0.5775933658811575,1,0.0
19.239345826134734,55.93147864327636,0.6345824175503038,0,0.0
1.1438607034842834,233.875342070026,0.7979141596158941,0,0.0
4.8551142146987,105.03757775001903,0.3959704726624549,0,0.0
1.4143133559030412,17.35280296901891,0.9150900684070432,1,0.0
28.63846850687012,290.7307890422434,0.53302886724614,1,0.0
14.1460191484347,265.13576548902773,0.157954822835348,0,0.0
22.885681102411624,278.3256849585639,0.6958991181688025,0,0.0
40.84049132667418,298.47234679393057,0.7932613504382544,1,1.0
11.218150311699372,52.16857476584619,0.31676167706752667,1,0.0
18.46723153660334,118.87260567079763,0.857179256998753,1,0.0
33.99980123443719,227.47154271122739,0.9061432547657664,1,1.0
10.29591744712301,208.80618541613768,0.2769044873778089,1,0.0
3.4640959422956845,46.16877190195652,0.9835214727152221,1,0.0
13.03881538111956,244.74993749718533,0.14071152804875842,1,0.0
7.254957926430199,67.3321715509982,0.20201566840248997,1,0.0
41.83639435541579,67.14528444678692,0.18422483923802613,0,0.0
36.365417080398764,161.09232686802406,0.8939897100078704,0,1.0
28.503169042969056,177.88198045251096,0.6542925523249619,0,1.0
39.215726558447294,174.02586235134336,0.15210428322227287,0,0.0
36.165243460460154,27.446051219326463,0.440323418368349,0,0.0
8.395652649871613,263.2382587891141,0.615298025069802,0,0.0
40.165154932049,79.68001277661182,0.08346408498938329,1,0.0
24.270400886204282,38.85447638484125,0.8824163684073387,1,0.0
36.334806982382815,266.62442396069315,0.8036035354415352,0,1.0
40.324108496557194,286.69544946892603,0.5052067735766382,0,0.0
14.310156373733875,258.6382851796352,0.9671266152591704,1,0.0
4.952336603745454,242.85482241746342,0.4177609792750997,1,0.0
10.257082314387375,196.57259419170651,0.9841103190364978,1,0.0
19.219850488181535,165.2572111827418,0.6679199988036271,0,0.0
36.81066446651219,26.09602797342304,0.6346712732539415,1,0.0
38.732876246535454,122.53596392120961,0.165954895295785,0,0.0
0.31284587390358165,111.8065551036942,0.881927758304644,0,0.0
22.983628615990458,77.92613512809787,0.42748968792061515,1,0.0
18.783495141695056,217.02603410657548,0.16223340578247936,1,0.0
9.99485147118286,148.76272052363123,0.01260751997575904,0,0.0
5.393941530015726,24.31386477229438,0.5597556836383826,1,0.0
15.192682713163258,66.0549605849434,0.5273996221226763,1,0.0
42.43093667606336,204.97762909787878,0.7193536223691586,0,1.0
14.544131940933985,22.839257847090057,0.8902580530178021,1,0.0
23.345577978451473,255.3620742146306,0.07940658464302952,0,0.0
31.635853150283005,148.54395810419228,0.7314964903403623,0,0.0
16.363332107068228,144.1759731979944,0.18741194409758222,1,0.0
43.73019372244323,177.7223353978553,0.858177053157164,0,1.0
43.310128272395005,247.40428977754476,0.8190635138616561,0,1.0
11.330203312141387,104.34276237065791,0.5407937549855444,1,0.0
22.376182765157346,203.40484576771905,0.7102427986233115,1,0.0
13.539523941754634,169.7195891987373,0.3143501131837484,1,0.0
12.817822246986042,80.1084810508264,0.47116789893281463,0,0.0
1.6599126309539758,263.5889959065474,0.8216368977104717,0,0.0
27.430395029095358,239.22780648207842,0.4592651971732139,1,0.0
22.620556045298766,197.53555039752766,0.3577982653254418,0,0.0
2.3165438062495207,255.17451872827257,0.4942124472502999,1,0.0
12.539090890647515,260.1882602879407,0.8282492524372184,1,0.0
40.87196486849942,212.50889301451045,0.33520804737087273,0,0.0
10.780285080013758,251.10399850910161,0.1737615931357438,1,0.0
6.520269244105039,209.24143850078508,0.7120140203307808,0,0.0
22.025374212490334,204.04223152809013,0.8259782127080818,0,0.0
44.35427043497703,185.5834134645553,0.10063747852353333,1,0.0
10.892487218017518,225.81499186729238,0.23987411275594472,0,0.0
30.246099633264535,47.58153158792211,0.1419719897609939,1,0.0
34.27288268979229,264.26122775967855,0.3479414115821666,0,0.0
10.693689479657985,261.5530583235696,0.45035097890541265,0,0.0
32.76973568753368,8.774184910367744,0.7488263369633065,0,0.0
16.550240972366396,247.7450251694288,0.6511475848816741,1,0.0
28.453762376711076,38.66096024203356,0.6209285674784312,0,0.0
28.50883698424026,100.53565627774258,0.3523749466096544,1,0.0
24.10986078336413,223.05247688748233,0.8414475530847599,0,0.0
4.063039652448373,48.22796881449246,0.47128716739816456,0,0.0
37.58861230151571,245.39010723571866,0.9791049380151545,1,1.0
14.435102923728113,249.6402533873226,0.6341421382957368,1,0.0
8.393332967993441,152.24032012825086,0.12626474156450274,1,0.0
1.8348813699643762,1.915761515050074,0.676177562075434,1,0.0
26.59018244347088,86.11143995247383,0.325104015431699,1,0.0
30.490396282902708,185.07807551272265,0.6863271966860974,0,1.0
0.7464523017535268,294.35585340822706,0.06964114816240574,0,0.0
23.044187623467643,189.54405810500052,0.1748814371759594,1,0.0
10.192309883907209,77.94107431924793,0.8557372589057863,0,0.0
29.032775568425244,190.2017109298834,0.2271795570235149,0,0.0
7.8464893052246145,161.99561391475663,0.83704112524294,0,0.0
31.092198214610967,233.9536185453431,0.27927608845441043,1,0.0
17.403090583524182,32.094191648087524,0.6428819100587077,0,0.0
42.152849493153056,228.3083707506084,0.694150573509831,0,1.0
6.188442486569697,162.37997360283308,0.5126547531450529,0,0.0
15.347985797261632,288.8976011576984,0.3053106766967313,1,0.0
5.106308455826508,102.56164981160583,0.21264437637109612,0,0.0
41.61121282253532,189.78656794018443,0.03318935456242622,0,0.0
39.48027090214415,279.60843165300525,0.3039464012407238,1,0.0
11.607373247182002,30.75291839720378,0.653162790531283,1,0.0
29.699282071538057,281.1685461709353,0.9383048184484827,0,1.0
36.77499900905471,206.365716690244,0.871204482263052,0,1.0
24.984036521975806,20.35111773155157,0.7660647765353026,1,0.0
23.83427602602029,90.28907008404488,0.7884473432532987,1,0.0
10.883353090520325,212.45162659358448,0.6649849034759953,1,0.0
4.189624551265465,20.20518044063151,0.260286857566003,1,0.0
40.374709107899704,174.65113805288198,0.9071950307058299,1,1.0
40.51881257234987,103.76491708588702,0.670732311905834,1,0.0
28.489565577297057,186.27465533024312,0.56044063098044,1,0.0
15.25634059719153,13.722610143753855,0.11098946921348107,0,0.0
15.71443085756974,261.4610418457129,0.4470555438064254,1,0.0
32.668005549160775,292.0466907532191,0.4603582712019263,1,0.0
40.36996169786597,290.66335658570745,0.86456360952267,0,1.0
39.91888909193028,224.89554952287742,0.5466482201877885,1,0.0
35.09439956359307,39.02587203918959,0.38040054897040965,1,0.0
28.89142407694295,227.47895877870678,0.9768003285106593,0,1.0
3.7862984247771974,7.376074937640453,0.11072059332631567,1,0.0
7.27329213425762,6.637065458699176,0.4225484283119446,0,0.0
40.43493848371857,97.08306574486237,0.04202467517140529,0,0.0
27.289307684681546,146.59295712139973,0.7399041207669304,0,0.0
0.41386732274833415,231.12222534233797,0.9180765521991506,0,0.0
4.566219428971444,204.98861298195155,0.28003732955048943,1,0.0
29.857579609862512,133.7708119130245,0.8583416767991209,0,0.0
0.2277712730798409,82.08799988449977,0.29221823046189777,0,0.0
7.236362313787439,299.13735004731336,0.9107701616439152,1,0.0
24.693020521496376,127.85439067079189,0.7539619035967839,0,0.0
31.135283896171195,135.41610729890263,0.8049067768414386,0,0.0
29.338256677617025,49.08714635750076,0.0180065556004545,0,0.0
10.09211892572519,238.44286462497882,0.962810357074026,0,0.0
32.04806496063912,208.1046677344466,0.7266709920703233,1,1.0
10.676208937356003,66.23088383662812,0.3047510953861333,0,0.0
14.642986417167048,24.71431368475281,0.8293946648588469,1,0.0
33.592113230311085,204.14979062241392,0.28152119841492995,1,0.0
29.23348045712466,196.35336428434056,0.872753839566128,0,1.0
38.215053472238004,81.9778580994628,0.11258039041193701,0,0.0
29.592580153515453,285.2590686751231,0.7036859774607958,0,1.0
25.573887150096223,45.31736753427007,0.5406984766449103,0,0.0
4.215364552264162,129.7004403127806,0.09653447019544081,1,0.0
16.54721113767451,283.0847760502797,0.24189382825883898,1,0.0
11.934106545677645,125.91819507783669,0.01240403627731479,1,0.0
10.97953395205876,191.55778429922566,0.46876796546450583,0,0.0
43.785474963860054,119.27831938883828,0.3012652607600004,1,0.0
17.689397610004217,82.26456070460101,0.5983574842977588,0,0.0
40.1420949829701,295.19329438794847,0.2972378077086172,0,0.0
28.40123816987683,122.80020189451291,0.2999191115069847,0,0.0
35.76650865937418,268.2297611037403,0.7431931987316034,0,1.0
22.618669189733644,68.98638176732585,0.04814283597835345,0,0.0
25.96067480818616,63.93141120752499,0.9028949951919872,1,0.0
22.163296221848874,9.340224865353408,0.8522638743911815,1,0.0
8.785934450912002,195.5000476127655,0.6678046832264065,0,0.0
32.510345186767736,110.55790311712835,0.5932215701073843,1,0.0
12.634756309838512,259.3074749518911,0.8923024981396522,0,0.0
1.0942184894154228,141.96297200746716,0.18533017952871444,0,0.0
29.04625331582255,290.45802837441653,0.07896916219082861,0,0.0
7.969980573317202,55.65765471093634,0.2395101699095381,1,0.0
42.320636295881144,260.5869503866832,0.7945782787001903,0,1.0
42.92678596511643,232.9790558375225,0.03467026672648332,0,0.0
41.16889755992018,231.2765533932156,0.5828068350834896,1,0.0
16.657141511495,253.4349684350663,0.9954375161913099,1,0.0
0.6955477437990343,228.30719728289966,0.8556960938375394,1,0.0
41.77433531644764,187.86609648942462,0.5214456890435895,0,0.0
19.268286674279146,39.373463304716275,0.06364090928664234,0,0.0
43.49946685696513,9.757853847375575,0.8313735143857098,1,0.0
43.36289896901638,276.25435434470603,0.5989785081772105,0,0.0
38.3854254960312,184.99509435622141,0.11493299705956683,1,0.0
13.250200143131355,238.96118729285288,0.0938572848233562,1,0.0
17.329397787086638,144.456705453765,0.9096268194365924,0,0.0
38.30115021825856,35.192456688718345,0.6692002629380784,0,0.0
14.261490232032495,37.55573766076513,0.8292867993167555,1,0.0
7.627173600874162,205.6695861686914,0.8789789002822673,1,0.0
25.05605681062576,129.0917684698388,0.5717723520483222,1,0.0
42.12696483723514,60.15741801010102,0.5174463517550413,1,0.0
31.321340850373787,147.47836402243107,0.4304274103209902,0,0.0
25.652752654021423,19.262681122540226,0.3169465877911193,1,0.0
4.372942219684584,174.59142057431964,0.43459596085871177,1,0.0
27.675325201462638,80.6980213305293,0.7738796557301564,1,0.0
44.552423254691846,239.26773019115646,0.6019234310151316,0,1.0
6.303780685643582,93.10858767707214,0.8925232899548461,0,0.0
23.324834356368154,136.56604472454035,0.4433800143791877,1,0.0
39.48178823675799,3.4861619724301907,0.607089578718754,0,0.0
33.3345877989392,21.734066338367665,0.6313075530919887,0,0.0
31.36570834478706,117.74806692200545,0.5916971623063255,0,0.0
31.611783779419916,143.98165041513704,0.7026337730855163,1,0.0
16.177101804888984,180.0061644357911,0.23743346837480628,1,0.0
13.211632991902201,87.49877361279097,0.5123637775457907,0,0.0
36.421251996533115,208.49456583796277,0.10422480280834767,1,0.0
36.455102760563136,258.03671915676136,0.38451132764481255,1,0.0
39.01825433610467,233.95529666800493,0.4876670686212644,0,0.0
41.09582486504121,11.885647604507144,0.6522242595454725,0,0.0
23.010407948742202,144.15208417734868,0.9505310525862035,1,0.0
22.568233260923982,31.47905352545246,0.6006510665483559,0,0.0
35.92328305350488,72.61350475875824,0.7435939161765598,1,0.0
29.24837688499943,295.9987779801439,0.5062660594952028,1,0.0
31.588509476596652,42.74866287045397,0.6341040313763313,0,0.0
35.81067012462455,149.6664460354068,0.07093221613377343,1,0.0
40.05024038179048,185.44672029543574,0.254391580841847,1,0.0
15.209782058319112,210.73949116323118,0.3618530932051387,0,0.0
16.901232868797482,167.89460504607422,0.47249335500651357,0,0.0
4.229187292839105,2.9312542257550978,0.045648745502383736,0,0.0
26.022606344827828,97.93839247319757,0.14002409755331768,1,0.0
1.6174023208533939,155.31349301541343,0.2768143077913058,0,0.0
20.95191081596071,26.359949743450006,0.9715326909010507,0,0.0
24.419008561840947,105.18807936275422,0.33134700710305076,0,0.0
12.894356345772799,9.96093263740997,0.48204105811208253,0,0.0
26.587496725605483,23.573549146506224,0.19609771273839294,1,0.0
1.3725112472572243,119.07698286047882,0.6107800710757683,1,0.0
1.6806684937146488,39.8147262129181,0.2806832155159743,0,0.0
37.01702522968462,170.26225447846744,0.20699257843842678,1,0.0
16.20857886350683,206.83949074117973,0.5165726284459791,0,0.0
5.7177230693348156,240.17600973272485,0.005505799160420821,0,0.0
23.500946702466198,60.04507327344303,0.0076640326492253275,1,0.0
34.64970988943749,50.244774677720926,0.21906880910185778,1,0.0
9.711946237357942,31.370352100320076,0.03672136250082114,0,0.0
28.030071411855012,190.92907486309102,0.10802575413069138,0,0.0
3.84063592471956,211.94271794607036,0.3388606493387516,1,0.0
2.3256774525873465,9.475843447692611,0.8025856795798129,0,0.0
23.91095842056666,280.86367387310696,0.5720486433693008,1,0.0
24.328580472454792,15.591385095441723,0.5126677259564164,0,0.0
28.684345567419296,162.38890059032113,0.29348882320812164,0,0.0
32.67411001751977,212.71815583527493,0.9317537194328164,1,1.0
43.91334357581406,261.2907371238257,0.39701504123719167,1,0.0
23.23351567355379,214.22607963972834,0.08709276679577149,1,0.0
14.533041282356068,240.51842492093755,0.6170665161178013,1,0.0
35.78337876459167,101.83505776284181,0.11383839347660141,1,0.0
12.18745130679334,244.44753412395366,0.3452231428016921,1,0.0
19.753713931753623,24.034453915402544,0.5074119387178089,1,0.0
3.530537160401968,268.4449968181583,0.8742225246851758,0,0.0
1.140783453695588,164.27771284612086,0.49354658034011867,0,0.0
43.31917866050663,245.1893309887481,0.7022587660316643,0,1.0
37.61910542304926,135.69548535549004,0.9928168389990704,1,0.0
31.31883927421641,193.07330855895748,0.13148911989798162,1,0.0
18.402882498642146,157.92079828083396,0.2747315255195195,1,0.0
7.79824440318806,219.47685652659956,0.3945760755976464,0,0.0
7.039666920198872,24.488994609176874,0.42182817853883137,1,0.0
11.26093041740679,18.10562519716914,0.41102107526554577,1,0.0
24.71519991177542,74.13097020304393,0.9076110025565549,0,0.0
32.156816521502805,47.8634040339565,0.7140326444668564,1,0.0
29.708881952297908,261.5350699776605,0.6079052140907037,0,1.0
12.597025362567427,65.76419620741329,0.3093727178627821,0,0.0
42.96893762984374,292.75957674573937,0.8237903842212947,1,1.0
33.20536125130958,101.06873753133205,0.9550605114849889,1,0.0
24.945932363013032,54.63537470660979,0.8211982825502265,1,0.0
27.52743358054585,236.90955214274373,0.0015651051914729042,0,0.0
18.882002809250547,197.61233265026283,0.636401370183407,0,0.0
11.147894527552086,149.45871493594169,0.051135381442100725,0,0.0
16.01877053930677,166.60906528128936,0.25760722033372185,1,0.0
34.10307497089661,215.76053348167915,0.059524700347771686,1,0.0
0.6477069883390141,68.53642239938962,0.6037954529493877,1,0.0
5.223268822811231,298.90017481702256,0.6865899134926068,1,0.0
2.0701188909788737,292.4379486440349,0.11448763806590512,0,0.0
1.832796104353656,195.09770590408107,0.3838388830449795,0,0.0
38.495726280495326,59.86273527874354,0.456236508955542,0,0.0
31.664603672101066,204.0684727293874,0.3690530217609166,0,0.0
21.337822308929635,21.659522693752752,0.12102500048519305,1,0.0
4.402537229295066,9.195750661741819,0.4189477901874754,1,0.0
22.122714380257456,77.3048665533641,0.7511780478084181,1,0.0
21.306229685125455,138.78688702179488,0.07100766453325547,0,0.0
7.794084145950683,260.48175162251414,0.08018001408190345,0,0.0
19.523324215708787,218.1507209298924,0.3547712918359842,1,0.0
17.932713047881805,222.81195635999433,0.941725711618925,1,0.0
27.71325441234974,127.6480003344226,0.668572646722914,0,0.0
28.57921428904397,103.78049776408888,0.6786699566725648,1,0.0
2.038680439742003,111.3116288953808,0.36191999083786497,0,0.0
16.857567658191204,296.29486912081734,0.5936607912085384,0,0.0
28.16369620714064,12.032757423744744,0.010131184027743378,0,0.0
22.641131636103946,260.10944883673454,0.6360960464095422,1,0.0
38.542042853474506,173.60262257171803,0.9132869475762367,1,1.0
29.641213422852527,131.58462575687713,0.6125734683448192,0,0.0
7.332049218664336,217.57729812454096,0.873698593466345,1,0.0
3.175593633019343,146.00068242741085,0.7239730554660938,0,0.0
28.908867519284204,262.0269714244982,0.12055841640369025,0,0.0
1.1930089743729817,270.21055920337756,0.9024533072858417,0,0.0
26.35990115730585,126.51627806203662,0.06644384435577488,0,0.0
42.31036086412309,83.04833917051548,0.5339674725477638,1,0.0
25.896338004414552,177.70509857800866,0.14213712379345766,0,0.0
17.467646679293487,273.7090036850073,0.011706610730904066,0,0.0
28.947969829905894,63.198656701699974,0.422034260127639,1,0.0
20.62138007211825,186.88997506904482,0.29504070765415624,0,0.0
24.552755519217072,189.46806602775615,0.486000493797603,0,0.0
42.36591639494363,219.9339067245843,0.5771998867345508,1,0.0
17.37461870103484,39.47030553817794,0.04373907230894736,1,0.0
43.25357537207614,214.74748940462658,0.12300329512374564,1,0.0
40.74077888802287,272.7097561996923,0.5586423964504253,0,0.0
8.81060106551834,53.90493266107259,0.34316735317265823,1,0.0
3.1212585393824455,71.2629974771633,0.729173487549448,1,0.0
4.535010061984199,291.4185282124919,0.6522916485919397,0,0.0
0.8199821543197378,54.29308581284693,0.8456043629899068,0,0.0
4.249933234016778,256.3155280108737,0.6924928266692253,0,0.0
30.735304803736057,147.68335693441043,0.42993107739014813,0,0.0
3.2034891807103043,74.16932232095311,0.6729666223944324,0,0.0
14.353903363219258,261.2249703817534,0.2753811742554185,1,0.0
38.019388993625455,133.59157650079965,0.3063134987782127,1,0.0
1.047237108112164,154.44520617890706,0.7889851599207933,1,0.0
36.65108171650211,107.77001081992971,0.4464195164015822,0,0.0
12.683464864802996,177.88525543047822,0.7983803405183525,0,0.0
5.317417242974532,49.05716177550683,0.8224223736682784,0,0.0
31.35317244138678,117.32446099552821,0.8575623376612838,1,0.0
28.30242810509478,290.82369670058625,0.9166352358412073,1,1.0
39.48624060871738,77.44002981033826,0.43098522051329624,0,0.0
33.07819697117486,197.02099936238767,0.31886681832113883,1,0.0
36.156641867318186,97.55701926740846,0.5821987465941139,0,0.0
12.691555765708792,232.0419377059802,0.3711724234376276,1,0.0
7.984779470087527,39.26209821550495,0.601074166800233,1,0.0
33.77766382383862,290.9463135235634,0.7055858626438246,1,1.0
36.30756326702688,136.13686241509177,0.6884050184921369,0,0.0
44.5727313900303,70.81513900393918,0.37455288702012135,1,0.0
18.567795461014192,22.049024199003796,0.16686020169875282,1,0.0
16.740813860675242,50.92737152626222,0.43052933846220753,0,0.0
34.938583233389856,155.9321845668053,0.14259414408190874,1,0.0
15.336159311385803,101.10095292938588,0.8900970351838083,0,0.0
41.88407965216041,248.66500976478284,0.3458774607378574,0,0.0
38.62857383293553,129.2662570985418,0.15445974722332378,0,0.0
19.304731231875827,74.61428177628898,0.025447759905750877,0,0.0
33.78919805061738,185.143495981209,0.6458223862864843,0,1.0
33.95442933381071,212.03316506563374,0.6369023174547432,1,1.0
4.640574097616968,50.11257237028496,0.34060416658129167,0,0.0
40.6148808005805,50.2857648864953,0.071711888847651,0,0.0
22.736356760153573,11.001428080062892,0.409628894895232,0,0.0
37.190585974848375,220.92060451969215,0.3112174950633936,0,0.0
14.402232046377529,199.14135828654153,0.6771206397350094,1,0.0
40.29854528232902,142.38926272494416,0.6057792494526903,0,0.0
17.51407554303734,253.25113469075913,0.36459372819754,1,0.0
0.4876943166134262,241.70104588501596,0.2178925542549901,0,0.0
40.74218893886687,175.60630931902566,0.9880359661555919,1,1.0
4.10790045537601,260.4813841539776,0.45400162119611487,0,0.0
14.36911369156867,61.752363011030475,0.688274235780237,0,0.0
42.75278851728622,33.575885819318366,0.14055296757836078,1,0.0
42.77732161219002,80.92488345509689,0.4855896996593978,0,0.0
25.804704965547874,17.126056826794457,0.027536719869465487,1,0.0
28.432674547640968,159.3508584003096,0.50545511791045,0,0.0
20.18004848902439,280.9817076884884,0.9640174071177023,1,0.0
13.194484726412904,11.803062200552894,0.3842067129858002,0,0.0
14.789904541646218,36.63297420300804,0.03899601257491159,0,0.0
30.263330523466728,135.6597084850306,0.03095579091934353,1,0.0
33.8568538246956,280.1625052583715,0.3879867599468695,0,0.0
35.621056967663186,94.84683149302515,0.16002493646319405,0,0.0
35.53281642575492,152.17044260651772,0.023352096328185912,0,0.0
4.104274637191066,12.471857715117629,0.7562136139501768,0,0.0
22.248913711616165,44.50296028862666,0.4585230088818907,0,0.0
2.590144200748993,295.9890368876541,0.2892447719726545,0,0.0
24.7287997045681,289.5356089308137,0.9000831830164807,1,0.0
19.868872561801965,1.4819942803228847,0.11613896020052561,1,0.0
39.94668822412349,285.5435356269717,0.9559188289553192,1,1.0
15.791175564843542,191.7359813446501,0.3139667173773528,0,0.0
5.268015739242264,260.37548835600666,0.8884036723086812,1,0.0
6.4346256923776135,136.42195669015774,0.6029428764794615,0,0.0
34.26797842728625,154.6788085737751,0.8267073597414875,0,1.0
27.81981284923175,146.65397407707604,0.9840131632104643,0,0.0
4.550520425525561,200.0592772638313,0.2884054378187457,0,0.0
3.7848062751748843,41.89537642689387,0.961135485407593,1,0.0
31.5436109156604,8.992076961803386,0.38948189490242036,0,0.0
3.274335286388709,92.37898247735727,0.3855119047369223,1,0.0
36.98370266806603,211.404228820994,0.3403871042545057,0,0.0
31.78090022204233,60.55603563688451,0.5414076073475852,1,0.0
3.6606951288854894,202.0297299974752,0.1541450431784871,1,0.0
3.8176971338336365,290.9736138321811,0.5537114853580112,1,0.0
44.3987810325529,28.170214736825518,0.541704812410004,1,0.0
16.842185809025416,201.78063546753788,0.76190181260487,1,0.0
16.678896618010093,133.12506579137136,0.8336499619375856,1,0.0
36.575980526587614,260.4426763132516,0.44044135031242404,0,0.0
42.62618598227364,53.14493683421577,0.30233324935149375,1,0.0
44.37004787202919,207.78778566784936,0.25933489731709447,0,0.0
33.902018336652375,251.43458689443307,0.19462383670487193,1,0.0
16.93168134889121,283.38426584220696,0.05764758219902488,0,0.0
3.7575322514400944,204.97440848689374,0.34244797883471334,1,0.0
34.97161121673466,149.1524292025282,0.27024769213078326,1,0.0
25.128191238111228,185.35417206036416,0.9664173858664074,0,1.0
19.08999041611393,260.67149534361545,0.5577088262500439,1,0.0
40.78594732926312,171.1829239916489,0.34727703903050755,1,0.0
5.003886703776811,9.116117909051058,0.580467600993696,1,0.0
22.168129693088662,279.2846086520933,0.1391967013456955,0,0.0
0.5109140145338581,206.85802530946833,0.4440437492022029,1,0.0
21.08972888973568,202.95401573317395,0.6262343214210638,0,0.0
2.5336474056826805,64.70254571931515,0.4888978317924514,1,0.0
5.346806232063236,197.66564106979715,0.40177880065432425,1,0.0
5.2886811049697195,118.15932169624755,0.9938483888996982,0,0.0
29.21446359522286,195.3698931124476,0.880314762148927,1,1.0
33.57201956694405,31.977909092397216,0.6234059581594401,1,0.0
26.251594429372183,197.3535913809108,0.5693773611822828,0,0.0
43.29776468135439,299.8241177312,0.620660479824584,1,1.0
16.86917607856668,14.463611658166808,0.20131210782243325,0,0.0
12.857043882683733,293.1522552663952,0.3951377432643186,0,0.0
39.086960768525714,122.07238821686119,0.03945953289089932,0,0.0
10.061812733375369,261.22603510117773,0.47554603748682667,1,0.0
43.345014274827506,234.71564521748203,0.5430245839576632,0,0.0
0.5469513610417354,170.10487829600035,0.2277497361032096,0,0.0
43.64454720184376,221.53476277539795,0.9640288471655137,1,1.0
1.942196037775925,263.55466839040434,0.909454610937242,0,0.0
40.1014401164132,121.2420964953099,0.7221432354559059,1,0.0
23.746549908883495,98.10994846897161,0.5333866287653626,1,0.0
44.68341582536851,200.27801566907542,0.869969159647685,1,1.0
3.3208454130929486,242.35378258237756,0.1306523438234629,1,0.0
24.923442798059437,228.68554043298474,0.790509794274885,0,0.0
43.61861410285945,239.34409465759035,0.1248208139668483,0,0.0
23.539402987656697,130.6749944438799,0.7942106625494054,0,0.0
28.322938716086814,245.35026485250648,0.27576756825135695,0,0.0
31.30869100430777,36.06271661118253,0.8770905810181889,0,0.0
20.454347914549796,163.34672938825486,0.9440420938253978,1,0.0
28.240113603782856,1.7275981494364712,0.14879596940511564,0,0.0
26.29414403653951,97.37574897008109,0.4626756050653935,0,0.0
40.552110472094505,109.93846046141937,0.9809873781626851,0,0.0
2.0450871153656043,118.85180748277662,0.4834074359731466,1,0.0
12.643343531650364,208.64016200695866,0.8635475225145451,1,0.0
42.76851678344514,116.56743038110372,0.5887315221313199,0,0.0
40.06187027509124,134.6080867867592,0.37532990791960186,1,0.0
20.504553875357082,71.26323926229824,0.2857835555258702,0,0.0
27.905966901069153,111.97553748880202,0.20322309108608727,0,0.0
12.482153234150971,68.18088817894544,0.7617981913776972,1,0.0
8.465452187569259,21.958777130533093,0.3865405068230279,1,0.0
20.8664282222992,181.03457801441337,0.5112754622007512,0,0.0
15.900850261172376,200.46383956650487,0.4923254800011819,0,0.0
26.264525033289242,185.84710380288436,0.5772790292331312,1,0.0
3.4980586634243176,139.0482131401717,0.8655771456245522,0,0.0
43.847766344977494,113.93573405376894,0.9807393435834294,1,0.0
44.37948350158213,259.00009487154756,0.40758420857381694,0,0.0
31.417277130888532,155.72453554086542,0.8275189221063031,1,1.0
24.12433648548542,143.7545632889193,0.7645277946547177,0,0.0
13.928742732884748,7.692619741930706,0.5735289514555733,0,0.0
36.62077588681269,102.3743482878469,0.9560471436119331,1,0.0
30.812902764924566,114.05868563575712,0.20047451552840279,0,0.0
7.317762270520109,119.64683426907014,0.10926421030962141,0,0.0
40.99172330222291,174.05171076819968,0.8539619669554221,1,1.0
37.0141759315426,160.08076401806355,0.4391498166337483,0,0.0
42.740996098136584,182.3715278380334,0.8469688542070605,0,1.0
32.6573778774762,229.46497846263847,0.8930902051954149,0,1.0
27.603683817110543,243.89572161482803,0.06245759361907144,1,0.0
18.82093663307785,215.4369228679483,0.8834647629860607,1,0.0
41.972781750930594,286.6571087864804,0.4483190553694222,1,0.0
38.97287502751838,5.469774802908489,0.5104324890042322,0,0.0
2.0348401547785233,58.73339570506383,0.6265925110932102,0,0.0
1.1865138523763403,2.268862493442636,0.9263826067300868,0,0.0
16.940851509512232,194.2424142463809,0.01911609442976403,0,0.0
36.47489988518248,269.4091646849961,0.4768434683178171,1,0.0
44.4274258191725,73.04468897288979,0.6877220424305607,0,0.0
6.768760099658769,278.110363438892,0.7227069576982285,0,0.0
26.73588219084608,18.080217086868256,0.692532431537108,0,0.0
17.14008854839597,280.3308080416543,0.13443512940812186,1,0.0
43.646147901657145,105.48680617189032,0.29939558837168123,0,0.0
37.89535154110689,30.426248534764955,0.35871552541701346,0,0.0
37.724791712001206,145.7615277558977,0.804437207679505,0,0.0
21.09119219077366,77.03297031615239,0.278759872414553,0,0.0
18.666877605194934,85.46187058857684,0.21070496386720317,0,0.0
12.30331823688178,92.18698947788597,0.9574480190380962,1,0.0
2.53689734929172,240.90776934979903,0.0088632851134689,0,0.0
38.912506931477395,161.74838300257633,0.9978208556819782,0,1.0
36.58054541085349,93.39230974680109,0.6768212988573956,0,0.0
44.987295297875875,183.1001349932755,0.8284692994491171,0,1.0
44.84865766832574,214.84520226695807,0.29461939634619316,0,0.0
24.994426752118237,81.78720022006013,0.014315277667059978,0,0.0
34.60443368312297,124.06473045760545,0.73786951856153,0,0.0
42.51445784470926,36.56582800108426,0.8341445970006758,0,0.0
38.23413258048352,54.344804860404096,0.7404761319535191,0,0.0
11.130664578443895,204.33535618949483,0.1428502873008386,0,0.0
20.27448608895421,54.43150430868808,0.7534279222569691,1,0.0
5.812173681817274,157.54901510011805,0.768922782107641,1,0.0
42.93229622664251,212.7138785167298,0.6585405156700549,1,1.0
27.2778585502896,32.06307692842315,0.7661159327955862,1,0.0
10.288926247655823,170.19366588867106,0.8459214396777321,0,0.0
30.226530798263553,76.96883511040913,0.6136041142374584,1,0.0
27.815770820605312,288.8780625712739,0.08860471396967906,1,0.0
16.11732231147782,145.0636940159774,0.48762780966721087,0,0.0
5.110091648983306,241.79776493254744,0.07764933467160506,1,0.0
30.22079380167598,165.06796264687853,0.40754303103243084,1,0.0
23.413846540670697,13.02375985644575,0.40710648912562764,0,0.0
34.754327628103766,189.9454126782067,0.06600984414024158,0,0.0
23.407357550039702,285.4210026619971,0.3488205339694793,0,0.0
38.34816751433431,180.48354604389937,0.11099809879131484,1,0.0
24.83580774485185,245.75665782803705,0.8082352100092222,1,0.0
25.242208719092382,265.26193900452233,0.9476880259644708,0,1.0
39.44941211962553,68.42393158467974,0.0723164752579386,0,0.0
18.156728979557865,63.61345197246799,0.9551152072917014,1,0.0
6.030685280278833,183.29429665529753,0.5225765993367452,0,0.0
1.2952204341002538,123.30854094201142,0.2995656779538739,1,0.0
33.98117650531285,251.9583908600161,0.07686207527616351,0,0.0
27.91392981090591,270.0069370194033,0.5006242680704178,0,0.0
31.68358956446506,106.02641379081544,0.7945155444907487,1,0.0
9.583387267900983,71.06116769234461,0.7070864772666982,0,0.0
6.136716401404639,234.15765457315854,0.05022601146397376,0,0.0
0.6545099550546868,82.44181066444082,0.07290183536790351,0,0.0
15.776440146296864,246.78429555410352,0.4028732826326371,1,0.0
26.54629590845849,127.12147609462885,0.2952904940479433,0,0.0
17.650982029487956,200.26496978744115,0.23238432305604784,0,0.0
19.686371491067806,28.660594150400453,0.2810044989087136,0,0.0
40.68714125221868,187.1577974029719,0.8034827432968846,0,1.0
15.671496016048515,135.53030362116874,0.9292280536318539,0,0.0
23.129527012191485,175.98253895264224,0.4051026945275664,0,0.0
35.26438557335144,50.40426232345902,0.9061110021324971,1,0.0
17.844425204457156,221.06212348325462,0.32149570124788196,1,0.0
27.993901510254307,258.83912326296854,0.4764369863437916,0,0.0
38.80636689360353,65.02194002723269,0.22602899781599972,1,0.0
42.72842806459389,28.71436665604852,0.640476042175844,1,0.0
6.618306641806707,7.091575813900919,0.9789811151748089,0,0.0
41.69644313226725,192.59145013297982,0.6034930960433786,1,1.0
22.14523318857922,182.12821082663422,0.35781408411354887,1,0.0
11.620997473453127,164.009223814221,0.6478174459905284,1,0.0
20.661109030721757,69.58412883479262,0.12292067846538757,1,0.0
44.101465887846466,117.2717987716544,0.8886590802653986,1,0.0
22.16781422967913,178.3429005558519,0.5030839507798364,1,0.0
14.79382246293787,149.0300576577508,0.44934974203964206,1,0.0
28.50303844425266,296.3356560644662,0.5858647884535192,1,0.0
10.806552845018688,40.93192576701994,0.6247838627894025,0,0.0
3.4138497648898762,208.54336621427814,0.07177580622651303,0,0.0
5.799587485979215,121.29563043128763,0.6826172212234024,1,0.0
5.76206275309976,128.45988447768443,0.24193168031552958,1,0.0
6.8356212080532455,215.27932969745288,0.7139526325065898,0,0.0
6.247222769223456,207.7308453973109,0.8225347943841967,1,0.0
28.839363516144658,297.37679811065647,0.8039585075525203,1,1.0
8.184603797961516,38.51828683623757,0.5525009674078891,0,0.0
15.555027749573844,31.2328948152499,0.5201698923107512,0,0.0
40.35547844577053,217.30164513862235,0.14287596133941172,0,0.0
21.328273811829256,173.51607510192272,0.7753461504031356,1,0.0
30.040098233446223,82.24819996794176,0.27140938044671437,1,0.0
7.754394204073343,23.82581069669598,0.49669542281794654,0,0.0
8.653005846390185,25.69747487892916,0.2842740929275167,0,0.0
1.8390877319915488,268.25726239923546,0.13382836299969314,1,0.0
7.602077838247404,57.56019741562287,0.6295576968917366,0,0.0
12.536565256438138,97.01146863465623,0.05433203482290383,1,0.0
7.965471792453607,67.99692066809641,0.7486452341262,1,0.0
3.9916140190675025,106.49889174958119,0.31758679526111666,0,0.0
5.428614199527036,20.82715282382801,0.00013469300448532007,0,0.0
20.73504456147266,155.71793727248112,0.5111291392372298,1,0.0
9.285017328260663,20.28376907766447,0.046851908527603126,0,0.0
16.392143747163395,240.10695234670848,0.27616955782089947,0,0.0
22.65377718846856,70.11362457312991,0.7069764874557162,0,0.0
31.067767288321438,162.0035743813532,0.06268962162186587,0,0.0
1.7690462928494521,264.0237262684375,0.8393384923560023,1,0.0
35.97346795090692,195.26321071415825,0.003819922658583108,1,0.0
28.25551752709085,159.88733596540058,0.24682386920190225,1,0.0
3.679156437699236,97.30012593461268,0.7409040561520714,1,0.0
39.31103808480498,99.90057391745938,0.3162701497293068,0,0.0
41.43925802393159,200.84608655945704,0.10189238806601353,0,0.0
2.7485081934688687,298.24180836635026,0.3602339188004279,1,0.0
12.459494166624168,198.55175695481358,0.27039328638452553,1,0.0
36.279057590687756,167.33502521100746,0.8427119021605549,0,1.0
33.67168606726462,219.19515307177383,0.31334791758514313,1,0.0
8.30344587103698,139.56168368511544,0.7889324717760072,1,0.0
9.420719550151963,18.042702780235565,0.8918721448107347,0,0.0
16.67124462561219,168.68904476337295,0.43381741957652953,1,0.0
21.80353433359596,287.28758535161404,0.909943143854392,0,0.0
27.821464718863318,52.590882707297894,0.37731805396319285,0,0.0
16.601113780639757,207.00146724619972,0.9640784164901082,1,0.0
20.814062225991655,60.280106597716944,0.08928952452557293,0,0.0
33.63619221601905,160.74830534192438,0.6870192665032427,1,1.0
1.6507441300769055,29.002934894015887,0.49381404045692867,0,0.0
11.359662495480935,135.11128087745556,0.38764880545564706,1,0.0
32.10073136480486,226.8489986685738,0.6327118787486009,1,1.0
40.28430769592397,104.27145727169463,0.7038570916343312,1,0.0
23.025484895204976,199.4735173461654,0.004363269650309087,0,0.0
23.945106836939203,238.63498823691876,0.16695308874719872,0,0.0
4.822740510289922,278.1533458438358,0.7130460506343187,1,0.0
20.13355650705546,70.39262455663606,0.6663854135782065,0,0.0
23.967776990476043,119.79477474279244,0.9660475051286772,1,0.0
10.911172663562835,45.72480399912523,0.761037790250783,1,0.0
12.115945392722143,297.7450506475126,0.950772707731338,0,0.0
16.97778733970802,278.1002903772886,0.702540501534807,1,0.0
0.9032038999976866,161.98713908416786,0.29805220863944315,0,0.0
14.493562451243022,252.6099883129264,0.10536492225085647,1,0.0
9.51516031484451,156.28739318161266,0.7818238633449356,0,0.0
14.73738084800616,187.07570640082793,0.6441492214759159,1,0.0
5.389295931866305,26.737329634804986,0.04818601239329623,1,0.0
40.07372763329527,226.58112614904238,0.36005046590097833,0,0.0
26.71166040993219,38.314045090570445,0.9567998154842862,1,0.0
30.559604361502032,247.82028907575852,0.5004011457102012,1,0.0
35.51270573733022,234.60842630111577,0.43272913601970464,0,0.0
22.429898951807576,212.62340932289294,0.457699605159294,1,0.0
3.9114129639340662,10.848114157428634,0.20888272400516372,0,0.0
24.16979438183465,90.93850678359858,0.3687071708647952,1,0.0
26.407850310939562,78.93377097325286,0.3698132559871766,0,0.0
33.54477633829485,108.04092224145573,0.0523550201874724,1,0.0
19.42467958033557,26.29282402915156,0.7675676285179183,1,0.0
5.741113625800369,281.08734690931885,0.416504431903879,1,0.0
12.7699157609426,166.1406722137129,0.8221798868164233,0,0.0
16.33870333793858,91.65729319740706,0.8503480011198954,0,0.0
29.066275859922055,119.09445512228503,0.21199405469865806,0,0.0
25.685023710101035,134.16076215145068,0.6573534821701286,0,0.0
16.024352665403082,180.17830000818518,0.4722818041629817,1,0.0
44.39318619568409,154.70382830894934,0.8801567379214851,1,1.0
27.259866871059923,275.81759196432523,0.21574067917645412,0,0.0
10.675205628119752,149.08904487174908,0.6778132003100442,0,0.0
4.580211267918168,297.6474044469938,0.6077521222527226,0,0.0
6.8786612632949415,255.42748732352874,0.2953014775718328,1,0.0
11.068097777302865,62.55315430720074,0.1366009036511726,0,0.0
7.230661796680005,279.1785643931749,0.6516397604772766,0,0.0
8.39551608230876,34.90991936564283,0.7385974581323307,1,0.0
12.82928259122312,245.23491254735748,0.31562734376335,1,0.0
7.801811788263967,114.18698804297402,0.6448326040223138,0,0.0
40.354444108189135,263.39229613352086,0.39513090761150327,1,0.0
3.6105185547738996,260.4170070322351,0.7132068832826177,0,0.0
23.60301253066146,241.77762003528633,0.1992152748940531,1,0.0
18.467857214534767,237.0091308921184,0.8902150026361744,0,0.0
44.20703776088729,91.40374172941223,0.28740959646557973,0,0.0
5.0417505975623556,24.275784915375652,0.3677859877561529,0,0.0
17.903501957058374,120.89405362954844,0.058091952080349785,0,0.0
43.6261694973916,52.0573544959526,0.1115122123212764,1,0.0
38.94782066522911,208.48532667073852,0.5158619027123281,1,0.0
36.7682431927176,103.82991796133567,0.2675926767279715,1,0.0
11.605627217022292,292.6830602579745,0.8354802257421944,1,0.0
7.689941432552962,192.2916232035996,0.014693388654953843,0,0.0
30.088944896599394,246.74416909030828,0.3790940486719362,0,0.0
41.82191951074136,39.75740182255453,0.3373455467690927,1,0.0
25.05433018562684,258.60434468178676,0.019327630917601035,1,0.0
25.722571026145495,276.8271571540183,0.12436839900051022,1,0.0
12.599059214712788,146.11857564568078,0.41364267491863527,1,0.0
34.62718199363716,181.87588132529322,0.49286458444744663,1,0.0
8.416968685088552,229.44294027089865,0.4042897472548691,0,0.0
14.565565638190966,52.451588178123764,0.5309376784120938,0,0.0
19.144639737738753,150.76982293903274,0.5951316749056815,0,0.0
22.842467040800475,119.59890833169393,0.00992382112783563,1,0.0
10.908437958678611,43.912197648674734,0.4640951594535039,1,0.0
5.167657113264159,110.26032668745943,0.9634992408875883,1,0.0
27.477901909873466,20.45169281564807,0.5190322801295487,1,0.0
12.98837489581151,7.743572084846095,0.6775422674589532,0,0.0
26.155719964017553,40.54988674644683,0.3118638579168832,0,0.0
6.946322187339104,288.93453347675216,0.7739913781527625,1,0.0
21.651304583466786,164.85886076850508,0.7729214818761151,0,0.0
23.966524464821365,289.746648345966,0.521296047654139,0,0.0
2.332059157009211,129.7493634990396,0.9760138232792136,1,0.0
15.147192518726426,93.54483992557788,0.12555021476265338,1,0.0
6.0486604622538405,151.84255885207324,0.016947664889580993,1,0.0
2.8518736712745483,131.85350658987304,0.770158211757096,1,0.0
44.54821045754753,31.699405278523173,0.8071555373648825,1,0.0
14.505923023862534,192.24789440706186,0.12020722912057624,1,0.0
36.44435006345857,64.81145475287988,0.2655828329586061,0,0.0
11.458829464369373,185.8763864693489,0.01755236336662891,0,0.0
30.667622500076817,195.060327719446,0.2933086107805647,1,0.0
34.210253695035895,45.607455938594434,0.7731418739186715,0,0.0
26.803743327352993,18.404888133200448,0.5179605277125789,1,0.0
21.220928484757128,234.22847582053194,0.3480955931682881,1,0.0
18.532841136627084,137.94012713079604,0.3717392949063303,1,0.0
15.699071994434789,17.449138651642738,0.0013536257154681541,1,0.0
41.828811491152166,298.45989515093015,0.2998005275652359,0,0.0
37.377873350447814,17.33416829890999,0.6464587416379305,1,0.0
43.426210979993066,208.51056865756595,0.9741944438163571,0,1.0
5.593375056849513,295.10367757902407,0.8470608269838995,1,0.0
32.889036384163994,71.75403126477768,0.023594964645529126,1,0.0
42.225320556946706,42.67481060615885,0.8985606046748393,1,0.0
8.155487977454706,36.415481826728666,0.7831984132986259,0,0.0
2.9923320315049873,90.98254427027867,0.7803761235709804,1,0.0
33.35042921805266,30.31374330319401,0.4579957590035715,1,0.0
25.851290093096036,207.64840250823957,0.3980052929545028,1,0.0
37.882294954122244,18.687539439018806,0.3029157288331926,0,0.0
6.289756948183028,152.82663844493692,0.06569485895436578,0,0.0
35.787029033695056,299.00905615589306,0.2282353634936991,0,0.0
9.073229402148504,244.19108085180565,0.24660363497802462,1,0.0
7.364517428956702,184.56583146930328,0.4840770697102016,0,0.0
7.391960906894682,91.87608623598351,0.747444406596694,1,0.0
36.6558624104122,187.16875088749154,0.4738098283979466,0,0.0
29.933874931329004,158.1124391734955,0.057844449447160606,0,0.0
23.53794411461037,127.82501516711145,0.9577898009882039,1,0.0
16.147371785557613,39.213113022059844,0.9427243190941123,0,0.0
39.47402433658987,265.98126457214,0.7851895431484084,1,1.0
17.66002983401859,134.93539464639676,0.9913279015642206,1,0.0
36.746974776220966,58.38675354622952,0.5444823328002629,0,0.0
19.76107088565983,110.32780526318689,0.9627683502532061,1,0.0
16.96249932412084,124.2389257586781,0.07560504061675077,1,0.0
20.82059035513229,248.2613686700623,0.3656807482613713,0,0.0
13.562004337386394,220.0843141684206,0.22538126800676583,0,0.0
33.6424221079313,230.79146809240194,0.19583308413427003,1,0.0
22.62241755416156,3.309379328594164,0.14080294889267608,0,0.0
10.44957128160678,124.84619945392845,0.6224136415659967,1,0.0
40.48085579735558,144.4032454905971,0.7813218557473051,1,0.0
17.275104961794515,5.7576830469170055,0.5782983994203607,0,0.0
24.459878750129487,77.94396262351026,0.14696270958820967,0,0.0
40.79124499340461,228.0869469366405,0.8111237699334709,0,1.0
28.090709816129646,41.13291171869972,0.6359547071637285,0,0.0
5.260411831876383,160.59303943577748,0.3881657061269955,1,0.0
42.29244556260638,64.56056160517124,0.674130295536063,1,0.0
28.246862388213803,3.636232393167982,0.25990497924283285,0,0.0
15.070752659568875,72.36043727986244,0.3451922084942105,0,0.0
6.267243269852426,292.7621264730161,0.9174858431319902,1,0.0
35.73113351716332,240.46113356489687,0.2905045056714204,1,0.0
27.903274016783108,287.87299329631,0.4699882681579366,1,0.0
24.00574913893447,146.35621317790873,0.8901411373960146,1,0.0
40.225166237293095,32.92085960325105,0.7077213502675275,0,0.0
35.486874505103884,164.3878466921079,0.06220322616470275,1,0.0
6.825369587973803,136.31320036798826,0.14730304427897034,1,0.0
14.02749305079967,253.3071248218848,0.007841590771916818,0,0.0
11.182011291650959,29.424774235273375,0.6309217902291634,1,0.0
33.47758316577046,146.47234110653346,0.4476734254104183,1,0.0
1.5089595631100723,45.01459940819528,0.13427485090227553,0,0.0
25.645035819209244,97.40277806701799,0.9579341210567704,0,0.0
34.31064085833108,221.2071232163399,0.5296597239456199,0,0.0
39.45445365427872,142.80543881062997,0.24189329411288918,1,0.0
15.393678692215836,112.7664855437308,0.5006035711547075,1,0.0
36.95657871024058,118.34288357101059,0.6796203327351078,0,0.0
4.978428162984326,137.834030521796,0.07623921797356448,0,0.0
38.090353128053316,235.50496315111707,0.274703815047892,1,0.0
5.736989804939209,267.6254066820703,0.8069654908839936,0,0.0
17.877928075216527,286.60040595117846,0.45966487040266124,0,0.0
35.878291460079915,236.07101587658852,0.5465771420322949,0,0.0
6.74628423069482,94.62206872440382,0.43281600220946925,1,0.0
10.316312785468867,206.44041182596266,0.04389994264300512,1,0.0
32.501365577687984,131.2809372166176,0.16574977982015593,1,0.0
32.401644144573346,76.40118661381536,0.4455416387418909,1,0.0
28.85164347983838,252.2614738277768,0.20918546540792782,1,0.0
31.2276800010195,11.527904688697499,0.04997902865967874,1,0.0
24.42259995064183,270.5285976406271,0.8436496640518237,0,0.0
11.330957650812874,138.44323938742025,0.9811925291641158,1,0.0
15.556319707676375,191.16044304248413,0.7931428739967394,1,0.0
8.171897256064154,197.8061766617348,0.853784921704667,0,0.0
40.88027526001328,268.53532221196093,0.24197713031704537,1,0.0
26.25263076447542,191.0009046501622,0.9606269755131998,1,1.0
18.038313754363795,184.18007542801854,0.19692570445342839,0,0.0
20.79026116398597,19.99561216820699,0.9514298103618323,0,0.0
42.62775028253169,155.52240658356124,0.994819293965951,0,1.0
6.900813140223609,45.050700245112495,0.7117228057460487,1,0.0
26.380342440755875,221.23013061644568,0.9811437317918219,0,1.0
22.76499054980097,153.66657624380235,0.5695397795671037,1,0.0
27.515440594559152,204.068333762506,0.25954178317609033,1,0.0
0.8149582719378229,12.50187018071528,0.43699588566562086,1,0.0
39.24557590248682,25.437604813740965,0.593560935378786,1,0.0
41.94532271176256,214.89701641880467,0.07308156202701499,0,0.0
25.430993261514402,21.62530079960201,0.6223432646172461,0,0.0
31.34928707446015,21.37701832957758,0.9811778367622945,1,0.0
41.512472152978305,3.632542570466235,0.19010764978372763,0,0.0
31.825738544102936,286.950419489844,0.7925951162883833,1,1.0
6.86425693114176,221.2525078377021,0.9078987937796194,1,0.0
25.93297620750659,105.97542255061924,0.9437015928202208,1,0.0
27.302177087228515,88.96067438629657,0.9601356044054472,0,0.0
19.08588020860737,104.91096892375487,0.5214596387214719,1,0.0
33.13999060311253,232.39605935435455,0.9773079079915037,1,1.0
42.04651566460567,198.41118332112433,0.7573102071344389,0,1.0
41.650583080804935,55.558670360240384,0.1616714362369619,0,0.0
20.287771713185943,52.2328006002253,0.47690010646797,0,0.0
5.095712062833987,29.518694914019193,0.718331175372004,0,0.0
44.317853953305054,198.09081591040143,0.24734031581908333,1,0.0
37.75041389006704,229.3117986665208,0.6406151835488874,0,1.0
5.609820654147008,79.51392849750121,0.6666004790466192,1,0.0
41.437884717781756,6.283488309273844,0.1626997438085659,0,0.0
39.145336292795776,24.651500242928204,0.5650853124527563,0,0.0
23.347712570673245,290.35801045350917,0.7716269109786077,0,0.0
26.607394608521815,88.63343324322608,0.4988956645359419,0,0.0
17.955121674155862,230.7669443514401,0.012103116776107425,0,0.0
2.46427374699141,187.39907065627912,0.009038469079292177,0,0.0
15.08387587406554,114.58189189586876,0.3570293439700122,1,0.0
36.12840518691051,61.70617865866653,0.926194068431782,0,0.0
0.20844103520712864,36.41592544782193,0.22867677960360877,0,0.0
15.007462726101489,184.50389041166,0.6343636888716871,0,0.0
17.91759121159245,232.3901341913364,0.22207587069332058,0,0.0
24.18280213220653,193.17127606233922,0.3216699896595486,1,0.0
41.39350273857422,159.0906399747475,0.848042089601484,0,1.0
15.585569746468256,12.585367029490879,0.7288614422699469,0,0.0
15.612894085330247,290.54663327831514,0.09539927731321063,0,0.0
33.18755616493868,239.61425749637237,0.4287020209864336,0,0.0
20.349807340041323,87.84661101028942,0.029169763645264468,1,0.0
10.107217032299188,293.9910988076552,0.480890146603009,0,0.0
20.3597782259712,180.56447689089663,0.6624340117010681,1,0.0
6.338565917090993,174.72679746217395,0.11850262359815156,0,0.0
7.937414392780049,224.42195382885964,0.28888493890916567,1,0.0
22.426549773276587,243.53093642704127,0.3978366255021569,1,0.0
18.851645227704655,196.9435821994508,0.9195310246560497,0,0.0
41.168065548064504,38.42872390986001,0.993255015422964,0,0.0
16.30772546024849,101.48025179834951,0.044911298995615856,1,0.0
26.126475762511955,278.4250920978149,0.761007923495392,1,1.0
28.451892956378867,67.38468355315558,0.37172406640234323,0,0.0
0.5892505464750136,111.65010715125399,0.39245818622948003,1,0.0
29.85918174075198,129.6230648832588,0.7542649733470227,1,0.0
8.011618509138815,131.82149690833566,0.9184264321454086,1,0.0
43.24816428612548,183.88187474835766,0.9509285945025484,0,1.0
6.689822748890083,282.9227513234123,0.5771225860383208,1,0.0
18.658085567716068,72.20781354975149,0.3571211593005028,1,0.0
3.8407350635389736,36.450412890275416,0.7875490858587793,1,0.0
44.85934133306763,59.241146957981194,0.25100138326230026,0,0.0
22.598775464905916,266.07747006278083,0.5640740288335178,0,0.0
26.79232577940197,193.7432437965618,0.35857846152487316,1,0.0
3.0184414824792367,85.77203677174803,0.6566310737078761,0,0.0
33.748221167963,244.78408169058517,0.2403989128935069,1,0.0
9.445751689301359,258.4109989090308,0.19159294573482577,0,0.0
40.41244302483212,253.9543016070834,0.9182390866754371,0,1.0
9.231283821690322,275.67796009186634,0.1018036829495369,1,0.0
8.580947429864995,75.67230605200848,0.5059579077349317,0,0.0
1.6447350531642697,226.51257862388348,0.22085278296300892,0,0.0
21.243012529949965,138.161849182242,0.03892996332566745,0,0.0
25.41785099681774,252.59956586701847,0.03601881829142639,1,0.0
2.9568887742758565,218.54720314848396,0.17522177210582734,0,0.0
34.89874275127548,232.9342339499174,0.8667703545060003,0,1.0
20.397997563661242,196.84855130432146,0.28247874397702666,1,0.0
23.597562119741102,53.22863084091206,0.9504591705752957,0,0.0
19.834323612220267,163.5080756690815,0.5816222929891935,0,0.0
18.03433773938967,295.40092185735244,0.4366141897687661,0,0.0
25.183814908869806,281.2164199491357,0.5800888346694546,0,0.0
6.9858110668820625,12.952120739103501,0.5166983852262678,0,0.0
8.1867658722872,49.444444718831136,0.7587762537573252,1,0.0
38.78035294560828,39.51863203636857,0.28249606597285226,1,0.0
42.575195796013475,217.79397299558866,0.3530503916003024,0,0.0
16.798919232588883,245.33559895708353,0.8940943025332507,0,0.0
12.18351029145992,64.05340989320158,0.9464565131504055,0,0.0
28.97997944575571,151.7558078855487,0.8925582274864745,1,1.0
18.39303769941434,252.21090840336,0.4194479939573136,1,0.0
1.1423860047155188,219.84046342987517,0.7803655030068817,0,0.0
7.026866881478567,162.6711616475545,0.4763357333010988,0,0.0
32.21875029813289,177.10430713763188,0.4975398521461022,1,0.0
29.651577385956813,152.50816407488398,0.20468010905728395,0,0.0
1.219319662656757,89.26453539564618,0.5911303032585165,1,0.0
9.988747286982726,169.50659785770483,0.18613589775334793,1,0.0
10.398365846463212,206.6655906150272,0.33156469906719377,0,0.0
30.23517346194278,261.9968747582423,0.8550302016199351,1,1.0
0.886974198946387,190.8874061937744,0.20707580921085522,0,0.0
4.684886189305823,228.3364611129474,0.07115828517343281,0,0.0
35.99622384179352,48.021490486371896,0.0690075926128163,0,0.0
8.034509792445013,138.46724232593698,0.9407845205031079,0,0.0
29.37357485333436,2.799485948127989,0.5069204379618346,0,0.0
10.718225147102693,74.0036593564869,0.40941207181701833,0,0.0
4.474862674170533,217.93851453390144,0.8108785810079184,1,0.0
10.942748594975434,297.54298540480903,0.835825927910516,1,0.0
32.50201193350466,29.753429876164773,0.3321910331156046,1,0.0
38.50634106478286,120.44829475838648,0.6936180574737952,1,0.0
37.359893905514625,240.02129060974784,0.7711228158518866,0,1.0
17.873258832830466,61.210690388669654,0.6546506868659545,1,0.0
30.063831145679078,166.52548479068588,0.15159507480009937,1,0.0
9.224293293711943,219.92138880890244,0.875883083517057,1,0.0
13.191647861745597,184.79563507805372,0.5390945527360087,0,0.0
40.33511183345039,56.40742038462484,0.2824724263700037,1,0.0
0.5850865579831216,106.61537060572182,0.4252281854376939,0,0.0
3.8478838884510633,235.13753534561917,0.03757109039890738,1,0.0
9.35488148157123,166.267954239605,0.12786680122241756,0,0.0
1.193949174321887,1.568884062873821,0.7655467505158609,0,0.0
8.164594579040878,228.29722800842816,1.1634755366141114e-05,1,0.0
26.236870243636147,10.593406482071721,0.4165658284822922,0,0.0
18.964104776662406,223.72013481936963,0.5225101810855884,0,0.0
40.17022699846387,60.74416804957122,0.054634420000972295,1,0.0
36.78496027822984,287.42204403581405,0.9730781629723328,1,1.0
15.38178082640442,110.38222539062534,0.22612533124967193,1,0.0
11.674054504408161,98.07948490142373,0.30419871963628087,0,0.0
17.08615836752701,44.666415099733406,0.30394251225502733,0,0.0
26.56327241316635,91.68126464706447,0.2304166621173499,0,0.0
12.062863837029433,262.99522854846015,0.001473822086311416,1,0.0
28.08670085321103,298.9003012881742,0.7293447940879964,0,1.0
18.42352434860582,110.4928591520545,0.9668454997992854,0,0.0
24.84212313833911,134.58318928636277,0.22429348328504506,0,0.0
19.62569381108925,216.6212814608211,0.6630471918034224,0,0.0
13.250959179386296,265.85873413952237,0.7418963269587151,0,0.0
42.68039881329705,177.91330025603526,0.8484253790905247,0,1.0
34.36226073718924,117.4577094533488,0.4226291970136091,0,0.0
6.305092909490365,123.78655225458712,0.30293090564042924,1,0.0
39.081058915406075,208.68544394904205,0.3252951340230311,1,0.0
21.934403921228114,0.9654790812836045,0.7126213330985128,1,0.0
40.25485021023411,185.8768012379522,0.816779466505636,0,1.0
35.99348651762919,106.64790313240722,0.18161396775660266,0,0.0
19.134607701115506,238.25919938312526,0.3709410081577652,1,0.0
1.011118874405283,27.89719194693965,0.90194019674915,0,0.0
12.090481172322573,176.46068008451715,0.8066935196947392,1,0.0
24.373539659739013,144.29186696583713,0.9848584027624758,0,0.0
28.506519892176627,192.69765777156823,0.7542482596820808,0,1.0
11.604945844494102,19.456078344890503,0.39319520102792227,1,0.0
6.2710233332770855,173.99513622843938,0.5906378339946378,1,0.0
37.57186065596846,168.44537638785712,0.6610142542473203,1,1.0
44.29809813165985,168.19802832485126,0.07845581631712395,1,0.0
23.656058203620862,181.04629997893645,0.5444969591038651,1,0.0
7.725567863173658,202.94038116790867,0.7093208284726096,0,0.0
12.253829693371603,241.49669990423092,0.16732130400106038,0,0.0
0.827580444636003,80.9462160384643,0.7806317174255571,0,0.0
41.143446295222454,247.51482305401862,0.5837727805141116,1,0.0
5.298798730056351,149.4767046790361,0.9522217856975946,1,0.0
25.94324139814141,23.11748374029935,0.042422298206891695,1,0.0
12.33248493092427,17.56527877319376,0.26532613755546697,1,0.0
24.938010113210705,100.27149560881824,0.6015538792998241,1,0.0
29.31391747583389,235.46909313344025,0.2965599122059307,1,0.0
37.33838116682407,212.30428042227473,0.7144241640712422,0,1.0
9.288957229227144,236.58448940172192,0.759005282521931,0,0.0
0.4948122896316215,155.18071693248282,0.10251596406647445,0,0.0
6.159853353096327,132.05969938664717,0.5138544642067677,0,0.0
40.50083888316473,44.23575801188518,0.5088905555910559,0,0.0
39.32505349031319,98.45782608279346,0.36928077021554107,1,0.0
26.883589597663875,130.2058098521626,0.9329248625696721,1,0.0
27.023258719514402,26.580128903885168,0.8275063198732212,1,0.0
29.926650354581497,66.18358581336338,0.6972093819096368,1,0.0
7.891707538055232,179.46758821912164,0.7143266357349976,1,0.0
41.14853756662319,220.69893427175694,0.4617161438131191,1,0.0
18.84467362014329,299.5042534178849,0.9209945210965759,0,0.0
17.241233771227385,279.9339994030673,0.6945954272532854,1,0.0
23.35129673772769,192.76955986055745,0.7289810616558164,1,0.0
2.113468504877477,126.3744159882216,0.8616909037873453,1,0.0
7.482751594023574,190.85320941246982,0.274071589342191,1,0.0
33.21151273918667,235.6954854240696,0.807070903866703,0,1.0
3.725940056630691,35.500857277016195,0.19524060295649204,0,0.0
27.14184492598747,122.97146690888647,0.34534195224488784,1,0.0
11.040709935659443,251.94068569068517,0.3356104542698427,0,0.0
17.518302631888943,115.1498855799132,0.9785254683891406,0,0.0
12.991218154681494,171.56168136815597,0.8565372237479268,1,0.0
16.00527224092271,176.33080825865946,0.7011698615902597,1,0.0
32.357065733291044,55.34287594009181,0.7270567616153901,1,0.0
13.370477203042876,108.67063249568652,0.5620727944025711,1,0.0
25.488208813360373,100.35338662257965,0.9470906671085191,1,0.0
21.422268098959485,7.859012559619439,0.49625875288236154,0,0.0
29.865202441319166,7.257529167406574,0.3805177098698945,1,0.0
42.15733826961411,249.50911310273204,0.163035336931591,1,0.0
32.965744374461266,81.92124299184373,0.786205652261058,1,0.0
9.672317036584055,155.42362987164464,0.7344439320755914,0,0.0
1.4032410777578104,89.61767207663192,0.3843550385241349,1,0.0
11.80188199349213,282.20377353460213,0.02519341395922936,1,0.0
26.77850688151147,77.78902765973213,0.8389973277180107,1,0.0
2.3141616067912656,128.8970438216805,0.011417983454073632,0,0.0
22.336481124055634,261.81907514538057,0.703699779629051,1,0.0
26.857928201260016,252.58007003754258,0.970257109726057,1,1.0
15.040975086763236,55.83042535388319,0.43766132814820347,1,0.0
34.69104916856199,240.79299293871313,0.23497340499595276,0,0.0
4.7969213910197315,137.4560660213678,0.7048710100433817,1,0.0
3.3812001781113943,144.89066162560655,0.8171281420155851,1,0.0
32.76849402916215,40.04399172478313,0.5464303160778473,1,0.0
22.29710922927893,24.180454127137395,0.9670352752561462,0,0.0
30.97810783924812,218.38179209212956,0.0516687216579611,1,0.0
19.56723023716858,148.93834570658993,0.5047955983045281,1,0.0
11.088091495759807,131.05521078455388,0.7184539473225501,1,0.0
36.85960429533899,218.85246859571902,0.862640471149179,0,1.0
35.97371455360407,229.65386969733294,0.17925561190779005,0,0.0
31.261341188449205,47.67245030080607,0.8000034817636814,1,0.0
12.246531175348322,183.06754484329238,0.5527070757185453,0,0.0
26.56038000910892,40.606224683305655,0.3965536819899632,0,0.0
16.243825362301205,225.4125258087137,0.13171502857909356,0,0.0
4.121193299698537,197.08654688014187,0.8652957589089124,1,0.0
41.279110895800926,286.9843863250374,0.15727320817971535,1,0.0
6.156838391353263,20.687404906926353,0.30978785920909924,0,0.0
42.76068092193611,17.116416345376294,0.2900455319624369,0,0.0
20.070259783108007,84.65612240796004,0.8714140341908543,0,0.0
